<mujoco model='sawyer-v2.0'>
<!-- ======================================================
    Model       :: Sawyer (MuJoCoV2.0)
    Author      :: Vikash Kumar
        Contacts    : vikashplus@gmail.com
        Last edits  : 3Apr'20, 25Aug'18
    Copyright 2018 Vikash Kumar
        Licensed under Apache License, Version 2.0 (the "License"); you may not use this file except in compliance with the License. You may obtain a copy of the License at http://www.apache.org/licenses/LICENSE-2.0 Unless required by applicable law or agreed to in writing, software distributed under the License is distributed on an "AS IS" BASIS, WITHOUT WARRANTIES OR CONDITIONS OF ANY KIND, either express or implied. See the License for the specific language governing permissions and limitations under the License.
====================================================== -->
    <compiler meshdir=""/>

    <include file="./common/sawyer_dependencies.xml"/>
    <include file="./common/basic_scene.xml"/>
    <worldbody>
        <!-- <light mode='targetbodycom' target='torso' directional='false' diffuse='.8 .8 .8' specular='0.3 0.3 0.3' pos='0 0 4.0' dir='0 0 &#45;1'/> -->
        <!-- <light castshadow="false" diffuse=".8 .8 .8" dir="0 &#45;.15 &#45;1" directional="false" pos="1.56 1.0 4.0" specular="0.3 0.3 0.3" /> -->
        <!-- <light castshadow="false" diffuse=".8 .8 .8" dir="0 &#45;.15 &#45;1" directional="false" pos="&#45;2.44 &#45;3.0 4.0" specular="0.3 0.3 0.3" /> -->
        <include file="./common/sawyer_no_gripper_chain.xml"/> <!--gripper is attached & configured here -->
        <include file="./common/sawyer_no_gripper_indicator_chain.xml"/>
        <include file="./common/sawyer_no_gripper_target_chain.xml"/>
    </worldbody>

    <!-- Choose actuator options -->
    <include file="./common/sawyer_joint_pos_act.xml"/>
    <!-- <include file="../sawyer_sim/assets/sawyer_joint_tor_act.xml"/>     -->
    <!-- <include file="../sawyer_sim/assets/sawyer_mocap_ee_act.xml"/>     -->
    <!-- <include file="./common/gripper_pos_act.xml"/> -->
</mujoco>
