<mujoco model="pusher_obstacle">
    <include file="./common/pusher_gripper.xml" />

    <default>
        <geom contype="0" friction="1 0.1 0.1" />
        <default class="obstacle">
            <geom conaffinity="0" contype="1" rgba="0.55 0.25 0.07 1" />
        </default>
    </default>

    <worldbody>
        <body name="obstacle1" pos="0.08 0.13 0.01">
            <geom name="obstacle1_geom" size="0.16 0.06 0.05" type="box" class="obstacle" />
        </body>
        <body name="obstacle2" pos="0.17 -0.11 0.01">
            <geom name="obstacle2_geom" size="0.02 0.03 0.05" type="box" class="obstacle" />
        </body>
        <body name="obstacle3" pos="-0.16 -0.35 0.01">
            <geom name="obstacle3_geom" size="0.08 0.08 0.05" type="box" class="obstacle" />
        </body>
        <body name="obstacle4" pos="-0.33 -0.1 0.01">
            <geom name="obstacle4_geom" size="0.06 0.12 0.05" type="box" class="obstacle" />
        </body>
        <body name="obstacle5" pos="-0.30 0.04 0.01">
            <geom name="obstacle5_geom" size="0.09 0.02 0.05" type="box" class="obstacle" />
        </body>
        <body name="obstacle6" pos="0.06 -0.22 0.01">
            <geom name="obstacle6_geom" size="0.02 0.01 0.05" type="box" class="obstacle" />
        </body>
        <body name="obstacle7" pos="-0.12 -0.12 0.01">
            <geom name="obstacle7_geom" size="0.01 0.01 0.05" type="box" class="obstacle" />
        </body>
    </worldbody>
</mujoco>
