<mujoco model="sawyer_assembly">
    <asset>
    <texture file="../textures/light-wood.png" name="tex-light-wood" type="2d" />
    <material name="light-wood" reflectance="0.5" texrepeat="15 15" texture="tex-light-wood" texuniform="true" />
    <mesh file="../meshes/toy_table/0.stl" name="part0" scale="0.042025927036999993 0.042025927036999993 0.077025927036999993" />
    <mesh file="../meshes/toy_table/1.stl" name="part1" scale="0.042025927036999993 0.042025927036999993 0.077025927036999993" />
    <mesh file="../meshes/toy_table/4.stl" name="part4" scale="0.047025927036999993 0.047025927036999993 0.047025927036999993" />
    <mesh file="../meshes/toy_table/2.stl" name="part2" scale="0.042025927036999993 0.042025927036999993 0.077025927036999993" />
    </asset>
    <include file="./common/sawyer_assembly.xml" />
    <size njmax="8000" nconmax="4000"/>
    <default>
    </default>
    <visual>
      <headlight ambient=".5 .5 .5" diffuse=".8 .8 .8" specular="0.1 0.1 0.1"/>
      <map znear=".01"/>
      <quality shadowsize="2048"/>
    </visual>
    <worldbody>
      <body name="table" pos="0.66 0.0 0.41">
        <geom friction="1 0.005 0.0001" name="table_collision" pos="0 0 0" size="0.4 0.6 0.41" type="box"  rgba="0.3 0.3 0.3 1.0"/>
        <geom conaffinity="0" contype="0" group="1" name="table_visual" pos="0 0 0" size="0.4 0.4 0.41" type="box" rgba="0.3 0.3 0.3 1.0" />
        <site name="table_top" pos="0.0 0.0 0.41" rgba="0 0 0 0" size="0.001 0.001 0.001" />
     </body>
     <body name="furniture" pos="0.9 -0.1 1.08" quat="1 0 0 0.5">
        <joint type='free' damping='0.0001' />
        <body name="4_part4" pos="-0.17516966081204696 0.17516964229908347 -0.22027505841291783" quat="0 0 -1 0">
          <geom conaffinity="0" contype="0" density="50" mesh="part4" name="4_part4_mesh" pos="0.0 0.0 0.0" rgba="0.82 0.71 0.55 1" type="mesh" />
          <site name="hole" pos="0.225 -0.225 -0.00" size="0.005" rgba="0 0. 1 0.3"/>
          <site name="hole_bottom" pos="0.225 -0.225 0.02" size="0.005" rgba="0 0. 1 0.3"/>

          <geom density="50" quat="1         0 0          0" name="noviz_collision_4_part4_16" pos="0.225 -0.268 -0.00268" rgba="1 0 0 0" size="0.02 0.015 0.03" solref="0.001 1" type="box" />
          <geom density="50" quat="1         0 0          0" name="noviz_collision_4_part4_17" pos="0.225 -0.182 -0.00268" rgba="1 0 0 0" size="0.02 0.015 0.03" solref="0.001 1" type="box" />

          <geom density="50" quat="0.7071067 0 0 -0.7071068" name="noviz_collision_4_part4_18" pos="0.268 -0.225 -0.00268" rgba="1 0 0 0" size="0.02 0.015 0.03" solref="0.001 1" type="box" />
          <geom density="50" quat="0.7071067 0 0 -0.7071068" name="noviz_collision_4_part4_19" pos="0.177 -0.225 -0.00268" rgba="1 0 0 0" size="0.02 0.015 0.03" solref="0.001 1" type="box" />

          <geom density="50" quat="0.9238796 0 0  0.3826834" name="noviz_collision_4_part4_20" pos="0.255 -0.253 -0.00268" rgba="1 0 0 0" size="0.02 0.015 0.03" solref="0.001 1" type="box" />
          <geom density="50" quat="0.9238796 0 0 -0.3826834" name="noviz_collision_4_part4_21" pos="0.255 -0.197 -0.00268" rgba="1 0 0 0" size="0.02 0.015 0.03" solref="0.001 1" type="box" />

          <geom density="50" quat="0.9238796 0 0 -0.3826834" name="noviz_collision_4_part4_22" pos="0.195 -0.258 -0.00268" rgba="1 1 1 0" size="0.02 0.015 0.03" solref="0.001 1" type="box" />
          <geom density="50" quat="0.9238796 0 0  0.3826834" name="noviz_collision_4_part4_23" pos="0.195 -0.190 -0.00268" rgba="1 1 0 0" size="0.02 0.015 0.03" solref="0.001 1" type="box" />
          <geom density="50" name="noviz_collision_4_part4_24" pos="0 0 0.032" rgba="1 1 0 0" size="0.2 0.2 0.01" solref="0.001 1" type="box" />
          <geom density="50" name="noviz_collision_4_part4_25" pos="0.228 0 0.032" rgba="1 1 0 0" size="0.028 0.185 0.01" solref="0.001 0" type="box" />
          <geom density="50" name="noviz_collision_4_part4_26" pos="-0.228 0 0.032" rgba="1 1 0 0" size="0.028 0.185 0.01" solref="0.001 0" type="box" />
          <geom density="50" name="noviz_collision_4_part4_27" pos="0 -0.228 0.032" rgba="1 1 0 0" size="0.185 0.028 0.01" solref="0.001 0" type="box" />
          <geom density="50" name="noviz_collision_4_part4_28" pos="0 0.228 0.032" rgba="1 1 0 0" size="0.185 0.028 0.01" solref="0.001 0" type="box" />
        </body>

        <body name="2_part2" pos="-0.0 0.3503393216240939 0.1" quat="1 0 0 0">
          <geom conaffinity="0" contype="0" density="01" mesh="part2" name="2_part2_mesh" pos="0.05 0.05 0.0" rgba="0.82 0.71 0.55 1" type="mesh" />
          <geom density="50" name="noviz_collision_2_part2_0" pos="0.05 0.05 0.15" quat="1 0 0 0" rgba="1 0 0 0" size="0.027 0.16" solref="0.001 1" type="cylinder" />
          <geom density="50" name="noviz_collision_2_part2_1" pos="0.05 0.05 -0.18" quat="1 0 0 0" rgba="1 0 0 0" size="0.025 0.17" solref="0.001 1" type="cylinder" />
        </body>

        <body name="1_part1" pos="-0.3503393216240939 0.3503393216240939 0.1" quat="1 0 0 0">
          <geom conaffinity="0" contype="0" density="01" mesh="part1" name="1_part1_mesh" pos="-0.05 0.05 0.0" rgba="0.82 0.71 0.55 1" type="mesh" />
          <geom density="50" name="noviz_collision_1_part1_0" pos="-0.05 0.05 0.15" quat="1 0 0 0" rgba="1 0 0 0" size="0.027 0.16" solref="0.001 1" type="cylinder" />
          <geom density="50" name="noviz_collision_1_part1_1" pos="-0.05 0.05 -0.18" quat="1 0 0 0" rgba="1 0 0 0" size="0.025 0.17" solref="0.001 1" type="cylinder" />
        </body>

        <body name="0_part0" pos="-0.0 0.0 0.1" quat="1 0 0 0">
          <geom conaffinity="0" contype="0" density="0" mesh="part0" name="0_part0_mesh" pos="0.05 -0.05 0.0" rgba="0.82 0.71 0.55 1" type="mesh" />
          <geom density="50" name="noviz_collision_0_part0_0" pos="0.05 -0.05 0.15" quat="1 0 0 0" rgba="1 0 0 0" size="0.027 0.16" solref="0.001 1" type="cylinder" />
          <geom density="50" name="noviz_collision_0_part0_1" pos="0.05 -0.05 -0.18" quat="1 0 0 0" rgba="1 0 0 0" size="0.025 0.17" solref="0.001 1" type="cylinder" />
        </body>

     </body>

    </worldbody>
</mujoco>
