<mujoco model="sawyer_assembly">
    <asset>
    <texture file="../robosuite/textures/light-wood.png" name="tex-light-wood" type="2d" />
    <material name="light-wood" reflectance="0.5" texrepeat="15 15" texture="tex-light-wood" texuniform="true" />
    <mesh file="../meshes/toy_table/0.stl" name="part0" scale="0.032025927036999993 0.032025927036999993 0.097025927036999993" />
    <mesh file="../meshes/toy_table/4.stl" name="part4" scale="0.047025927036999993 0.047025927036999993 0.047025927036999993" />
    <!-- <mesh file="../meshes/toy_table/3.stl" name="part3" scale="0.047025927036999993 0.047025927036999993 0.077025927036999993" /> -->
    <mesh file="../meshes/toy_table/2.stl" name="part2" scale="0.032025927036999993 0.032025927036999993 0.097025927036999993" />
    <mesh file="../meshes/toy_table/1.stl" name="part1" scale="0.032025927036999993 0.032025927036999993 0.097025927036999993" />
    </asset>
    <include file="./common/sawyer_assembly.xml" />
    <size njmax="8000" nconmax="4000"/>
    <default>
    </default>
    <visual>
      <headlight ambient=".5 .5 .5" diffuse=".8 .8 .8" specular="0.1 0.1 0.1"/>
      <map znear=".01"/>
      <quality shadowsize="2048"/>
    </visual>
    <worldbody>
      <body name="table" pos="0.66 0.0 0.41">
        <geom friction="1 0.005 0.0001" name="table_collision" pos="0 0 0" size="0.4 0.6 0.41" type="box"  rgba="0.3 0.3 0.3 1.0"/>
        <geom conaffinity="0" contype="0" group="1" name="table_visual" pos="0 0 0" size="0.4 0.4 0.41" type="box" rgba="0.3 0.3 0.3 1.0" />
        <site name="table_top" pos="0.0 0.0 0.41" rgba="0 0 0 0" size="0.001 0.001 0.001" />
     </body>
     <body name="furniture" pos="0.9 -0.1 1.08" quat="1 0 0 0.5">
        <body name="4_part4" pos="-0.17516966081204696 0.17516964229908347 -0.22027505841291783" quat="0 0 -1 0">
          <geom conaffinity="0" contype="0" density="50" mesh="part4" name="4_part4_mesh" pos="0.0 0.0 0.0" rgba="0.82 0.71 0.55 1" type="mesh" />
          <site name="hole" pos="0.225 -0.225 -0.04" size="0.005" rgba="0 0. 1 0.3"/>
          <site name="hole_bottom" pos="0.225 -0.225 0.039" size="0.005" rgba="0 0. 1 0.3"/>

          <geom density="50" quat="1         0 0          0" name="noviz_collision_4_part4_16" pos="0.225 -0.268 -0.00268" rgba="1 0 0 0" size="0.02 0.015 0.03" solref="0.001 1" type="box" />
          <geom density="50" quat="1         0 0          0" name="noviz_collision_4_part4_17" pos="0.225 -0.182 -0.00268" rgba="1 0 0 0" size="0.02 0.015 0.03" solref="0.001 1" type="box" />

          <geom density="50" quat="0.7071067 0 0 -0.7071068" name="noviz_collision_4_part4_18" pos="0.268 -0.225 -0.00268" rgba="1 0 0 0" size="0.02 0.015 0.03" solref="0.001 1" type="box" />
          <geom density="50" quat="0.7071067 0 0 -0.7071068" name="noviz_collision_4_part4_19" pos="0.182 -0.225 -0.00268" rgba="1 0 0 0" size="0.02 0.015 0.03" solref="0.001 1" type="box" />

          <geom density="50" quat="0.9238796 0 0  0.3826834" name="noviz_collision_4_part4_20" pos="0.255 -0.253 -0.00268" rgba="1 0 0 0" size="0.02 0.015 0.03" solref="0.001 1" type="box" />
          <geom density="50" quat="0.9238796 0 0 -0.3826834" name="noviz_collision_4_part4_21" pos="0.255 -0.197 -0.00268" rgba="1 0 0 0" size="0.02 0.015 0.03" solref="0.001 1" type="box" />

          <geom density="50" quat="0.9238796 0 0 -0.3826834" name="noviz_collision_4_part4_22" pos="0.195 -0.253 -0.00268" rgba="1 0 0 0" size="0.02 0.015 0.03" solref="0.001 1" type="box" />
          <geom density="50" quat="0.9238796 0 0  0.3826834" name="noviz_collision_4_part4_23" pos="0.195 -0.197 -0.00268" rgba="1 0 0 0" size="0.02 0.015 0.03" solref="0.001 1" type="box" />
        </body>
     </body>

    </worldbody>
</mujoco>
